description, experience
"Must have 3 years of experience in software development.", 3
"Looking for candidates with at least 5 years of experience in project management.", 5
"Requires a minimum of 2 years of professional experience in data analysis.", 2
"Candidates should have 4 years of relevant experience in marketing.", 4
"3+ years of experience in customer support.", 3
"2 to 4 years of experience in financial analysis.", 2
"At least 3 years of experience required in web development.", 3
"Applicants must possess 5 years of experience in software engineering.", 5
"Experience of 4 years in project coordination.", 4
"2 years of hands-on experience in network administration.", 2
"Must have a track record of 5 years in digital marketing.", 5
"A minimum of 3 years of industry experience in cloud computing.", 3
"Candidates should demonstrate 2 years of practical experience in UI/UX design.", 2
"At least 4 years of proven experience in data analytics.", 4
"5 years of demonstrated experience in machine learning.", 5
"Minimum of 2 years of work experience in content writing.", 2
"Must have a minimum of 3 years in a similar role as a project manager.", 3
"Should have at least 4 years of practical, hands-on experience in DevOps.", 4
"Requires 5 years of relevant work experience in software architecture.", 5
"Must possess 6 years of expertise in data warehousing.", 6
"Must be experienced in SQL databases with 3 years of exposure to data modeling.", 3
"2 years of expertise in front-end development.", 2
"Extensive experience of 5 years in technical writing.", 5
"Proven track record of 4 years in business analysis.", 4
"Possess 3 years of relevant industry experience in mechanical engineering.", 3
"Looking for professionals with 2 years of hands-on expertise in database management.", 2
"Experience in product management for at least 4 years.", 4
"Minimum 5 years' experience required in graphic design.", 5
"At least 3 years of continuous experience in supply chain management.", 3
"2 years' solid experience in backend development.", 2
"We are seeking professionals with 4 years of advanced experience in cloud security.", 4
"Ideal candidate will have 5 years of in-depth experience in software testing.", 5
"Proficiency in AWS with a minimum of 3 years of work in the field.", 3
"Experience required: 4 years in financial modeling.", 4
"5 years of successful experience in mobile app development.", 5
"Must have demonstrated at least 3 years of expertise in cybersecurity.", 3
"2 years of full-time experience in network engineering.", 2
"Must have accumulated at least 5 years of experience in human resources.", 5
"Proven experience of 4 years in technical project management.", 4
"Requires 3 years of hands-on, professional experience in machine learning.", 3
"Seeking an IT Manager with 5+ years of experience in network infrastructure management.", 5
"3+ years of experience required in customer success and client handling.", 3
"Applicants must have at least 4 years of experience in digital product design.", 4
"Looking for an Operations Manager with 6 years of experience in the logistics industry.", 6
"Proficiency in sales strategies and at least 3 years of experience in retail.", 3
"2-3 years of experience in financial auditing required.", 2
"Minimum 3 years of experience in healthcare administration.", 3
"Candidates should possess 5 years of relevant work experience in e-commerce.", 5
"Must have 4+ years of experience in enterprise software solutions.", 4
"3 years of experience required in web application testing.", 3
"Seeking a Senior Accountant with 5 years of experience in financial reporting.", 5
"2+ years of experience in public relations and media management.", 2
"4-6 years of experience required in marketing and product launches.", 4
"At least 3 years of experience in user experience research and testing.", 3
"Applicants must have 5+ years of experience in IT service management.", 5
"4 years of experience in Agile project management required.", 4
"Candidates with 2 years of experience in data visualization preferred.", 2
"5 years of hands-on experience required in cloud infrastructure deployment.", 5
"Must have 3 years of experience in Ruby on Rails development.", 3
"Looking for a Data Analyst with 4+ years of experience in statistical modeling.", 4
"2-4 years of experience in event planning and management required.", 2
"Must have a minimum of 5 years in retail management.", 5
"4+ years of professional experience required in machine learning.", 4
"2 years of experience in social media marketing required.", 2
"Candidates with at least 3 years of experience in quality assurance preferred.", 3
"5 years of experience in video editing and production required.", 5
"Must have 4+ years of experience in SAP configuration.", 4
"Looking for an experienced HR Manager with 5 years in talent acquisition.", 5
"2 years of experience in graphic design required.", 2
"Seeking a Senior Software Engineer with 6 years of experience in full-stack development.", 6
"4 years of experience in cybersecurity required.", 4
"Applicants must have 3+ years of experience in operations management.", 3
"Proficiency in JavaScript frameworks and 5 years of experience required.", 5
"2+ years of experience in inventory management preferred.", 2
"5 years of experience in product management required.", 5
"Looking for candidates with 4+ years of experience in mobile app development.", 4
"Minimum 3 years of experience in API development required.", 3
"At least 6 years of experience required in database management.", 6
"Applicants must have 5 years of experience in telecommunications.", 5
"3+ years of experience required in software testing and debugging.", 3
"Seeking a Business Analyst with 4 years of experience in process improvement.", 4
"5 years of experience in legal counsel and contract management required.", 5
"Minimum of 3 years' experience required in human resource management.", 3
"4+ years of experience in data architecture and modeling required.", 4
"Looking for an experienced Technical Writer with 5 years of experience in documentation.", 5
"Must have 3 years of experience in Python development.", 3
"At least 5 years of experience in business intelligence required.", 5
"Applicants with 4 years of experience in customer service preferred.", 4
"2+ years of experience in digital content creation required.", 2
"Looking for candidates with 5 years of experience in supply chain management.", 5
"3+ years of experience in IT consulting required.", 3
"At least 4 years of experience in sales and business development required.", 4
"Must have 5 years of experience in managing SaaS platforms.", 5
"Applicants should have 2+ years of experience in software documentation.", 2
"3-4 years of experience required in web design and user interface.", 3
"At least 5 years of experience required in logistics and distribution.", 5
"Seeking a Financial Analyst with 4 years of experience in investment banking.", 4
"5+ years of experience required in cloud computing and virtualization.", 5
"Minimum of 3 years of experience required in mobile development.", 3
"4 years of experience in business operations required.", 4
"Must have 6+ years of experience in big data and analytics.", 6
"Applicants must have at least 3 years of experience in technical support.", 3
"2+ years of experience in social media management required.", 2
"5+ years of experience in risk management and assessment required.", 5
"Seeking a Senior Project Manager with 4 years of experience in software projects.", 4
"3 years of experience in system administration required.", 3
"Minimum of 5 years of experience required in cloud infrastructure management.", 5
"Looking for candidates with 3+ years of experience in retail sales.", 3
"Applicants must have 4 years of experience in software quality assurance.", 4
"5+ years of experience in IT infrastructure management required.", 5
"Seeking a Marketing Specialist with at least 3 years of experience in digital marketing.", 3
"Applicants must have 4+ years of experience in cybersecurity solutions.", 4
"Looking for a Supply Chain Manager with 5 years of experience in logistics.", 5
"Must have 6 years of experience in front-end development.", 6
"Applicants must have at least 3 years of experience in application security.", 3
"5 years of experience required in financial management.", 5
"Looking for an Operations Executive with 4 years of experience in team management.", 4
"2+ years of experience in software localization required.", 2
"Applicants must have 3 years of experience in healthcare IT solutions.", 3
"4 years of experience in mobile app design required.", 4
"Seeking candidates with 2+ years of experience in system integration.", 2
"Applicants must have 5+ years of experience in security architecture.", 5
"Minimum 3 years of experience in server administration required.", 3
"Looking for a Data Engineer with 4+ years of experience in cloud data pipelines.", 4
"5 years of experience in corporate law required.", 5
"Applicants must have 3 years of experience in full-stack web development.", 3
"At least 6 years of experience in DevOps required.", 6
"4+ years of experience required in marketing strategies and execution.", 4
"Must have 5 years of experience in financial risk analysis.", 5
"Seeking a candidate with 3 years of experience in technical support operations.", 3
"2+ years of experience in database security required.", 2
"Applicants must have at least 4 years of experience in cloud-native applications.", 4
"Minimum 5 years of experience required in data mining and analysis.", 5
"Looking for an experienced Business Consultant with 3+ years in business analysis.", 3
"Applicants must have 6 years of experience in managing network infrastructure.", 6
"3 years of experience in customer onboarding and support required.", 3
"5+ years of experience in data warehousing required.", 5
"At least 2 years of experience in Java development required.", 2
"4+ years of experience in Python and Django required.", 4
"Must have 3 years of experience in data science and machine learning.", 3
"Applicants must have 5 years of experience in software performance optimization.", 5
"Looking for a Senior Backend Developer with 6+ years of experience in microservices architecture.", 6
"At least 3 years of experience in data visualization required.", 3
"Applicants must have 5+ years of experience in security engineering.", 5
"4+ years of experience in data science required.", 4
"Must have at least 2 years of experience in ERP systems.", 2
"Applicants should have 5 years of experience in cloud-based solutions.", 5
"Looking for a Data Scientist with 4+ years of experience in AI and ML.", 4
"Must have 3+ years of experience in API development and integration.", 3
"Seeking candidates with 5 years of experience in infrastructure security.", 5
"Minimum 4 years of experience required in distributed systems.", 4
"Applicants must have 2+ years of experience in software architecture.", 2
"At least 5 years of experience required in application development.", 5
"Looking for a candidate with 3+ years of experience in front-end development.", 3
"Applicants must have 6 years of experience in Linux system administration.", 6
"Must have 4+ years of experience in backend API development.", 4
"3+ years of experience in healthcare data management required.", 3
"At least 5 years of experience in financial auditing required.", 5
"2+ years of experience required in Android app development.", 2
"Applicants must have 4 years of experience in IT service delivery.", 4
"Minimum 6 years of experience required in systems engineering.", 6
"Looking for a DevOps Engineer with 3+ years of experience in cloud automation.", 3
"Applicants must have 5 years of experience in product lifecycle management.", 5
"4+ years of experience in product development required.", 4
"Must have 3+ years of experience in IT consulting services.", 3
"Applicants should have 5 years of experience in digital advertising and SEO.", 5
"2+ years of experience in cloud storage solutions required.", 2
"Looking for candidates with 4+ years of experience in software development lifecycle.", 4
"5 years of experience in AWS cloud architecture required.", 5
"Must have at least 3 years of experience in e-commerce platforms.", 3
"Applicants must have 6 years of experience in IT operations management.", 6
"Minimum 2 years of experience in business process re-engineering required.", 2
"Looking for an experienced Data Engineer with 4 years of experience in cloud solutions.", 4
"Must have 5+ years of experience in performance testing and tuning.", 5
"Applicants should have at least 3 years of experience in IT risk assessment.", 3
"5 years of experience in security and compliance required.", 5
"Looking for candidates with 2 years of experience in salesforce development.", 2
"Applicants must have 4+ years of experience in network security protocols.", 4
"Minimum 3 years of experience in enterprise cloud architecture required.", 3
"5 years of experience in SAP implementation required.", 5
"Applicants must have 6+ years of experience in agile software development.", 6
"Looking for a Full Stack Developer with 4 years of experience in MERN stack.", 4
"Applicants should have 3 years of experience in React and Node.js development.", 3
"5+ years of experience required in financial analysis and forecasting.", 5
"At least 2 years of experience in NoSQL databases required.", 2
"Must have 4+ years of experience in API security and development.", 4
"Applicants must have 6 years of experience in disaster recovery planning.", 6
"Looking for candidates with 3 years of experience in continuous integration and delivery.", 3
"4+ years of experience in enterprise software development required.", 4
"Applicants must have 5 years of experience in managing hybrid cloud environments.", 5
"Minimum 2 years of experience required in mobile app deployment.", 2
"Looking for candidates with 6+ years of experience in virtualization technologies.", 6
"Applicants should have 5 years of experience in cross-functional project leadership.", 5
"At least 3 years of experience in systems architecture required.", 3
"Must have 4 years of experience in IT consulting and advisory services.", 4
"Applicants should have 6 years of experience in financial data analysis.", 6
"2+ years of experience in data governance and compliance required.", 2
"Looking for a Full Stack Developer with 5 years of experience in Python and Angular.", 5
"Must have 4+ years of experience in IT security audit and compliance.", 4
"Applicants must have 6 years of experience in enterprise IT architecture.", 6
"At least 2 years of experience in customer success required.", 2
"Looking for a Data Scientist with 5+ years of experience in predictive modeling.", 5
"Applicants must have 3 years of experience in ETL development.", 3
"Must have 4 years of experience in infrastructure planning and design.", 4
"Applicants must have at least 5 years of experience in network security architecture.", 5
"2+ years of experience required in server-side programming.", 2
"Looking for a Senior Systems Engineer with 6+ years of experience in Linux and Windows.", 6
"Applicants must have 3 years of experience in web app security.", 3
"Minimum 5 years of experience required in DevOps tools and methodologies.", 5
"Looking for a Network Engineer with 4+ years of experience in network configuration.", 4
"Applicants must have 3 years of experience in SaaS application management.", 3
"At least 5+ years of experience in cloud migration required.", 5
"Must have 6 years of experience in digital transformation projects.", 6
"2 years of experience required in technical writing.", 2
"Looking for candidates with 4+ years of experience in financial modeling.", 4
"Applicants must have 5+ years of experience in enterprise application development.", 5
"At least 3 years of experience in PHP and Laravel development required.", 3
"Must have 6 years of experience in DevOps automation.", 6
"Applicants must have 4 years of experience in retail management systems.", 4
"Looking for candidates with 5+ years of experience in mobile device management.", 5
"At least 3 years of experience in enterprise software implementation required.", 3
"Applicants must have 6 years of experience in cloud application deployment.", 6
"Minimum 4+ years of experience in database development required.", 4
"Looking for candidates with 3+ years of experience in marketing automation tools.", 3
"Must have 5 years of experience in cloud-native application design.", 5
"Applicants should have 6 years of experience in IT service management and support.", 6
"At least 4 years of experience required in application security testing.", 4
"Looking for candidates with 2+ years of experience in Python scripting.", 2
"Applicants must have 5 years of experience in hybrid cloud strategies.", 5
"3+ years of experience in digital marketing and SEO required.", 3
"Applicants must have at least 6 years of experience in software product management.", 6
"Looking for a Senior Data Analyst with 4+ years of experience in data warehousing.", 4
"Applicants must have 5 years of experience in financial planning and analysis.", 5
"At least 3 years of experience in QA automation required.", 3
"Must have 2+ years of experience in ITIL and service management.", 2
"Applicants should have 4 years of experience in DevOps and cloud operations.", 4
"Minimum 6 years of experience required in application development and design.", 6
"Looking for candidates with 5+ years of experience in networking technologies.", 5
"At least 4 years of experience required in IT infrastructure support.", 4
"Must have 2 years of experience in cloud-based software deployment.", 2
"Applicants must have 6+ years of experience in technical project management.", 6  
"Looking for a candidate with 3+ years of experience in software testing and QA.", 3  
"Applicants should have 5 years of experience in large-scale software deployment.", 5  
"At least 4 years of experience in application performance optimization required.", 4  
"Must have 6 years of experience in cloud infrastructure management.", 6  
"Applicants must have 2+ years of experience in SQL and database administration.", 2  
"Looking for a Senior Developer with 4+ years of experience in Ruby on Rails.", 4  
"Applicants should have 3 years of experience in IT support and troubleshooting.", 3  
"5+ years of experience in AI and machine learning required.", 5  
"At least 6 years of experience in digital transformation required.", 6  
"Looking for candidates with 4 years of experience in front-end development (React).", 4  
"Applicants should have 3 years of experience in enterprise IT systems.", 3  
"Must have 2+ years of experience in API testing and automation.", 2  
"Applicants must have 6 years of experience in cloud architecture design.", 6  
"Looking for candidates with 5+ years of experience in software product development.", 5  
"At least 4 years of experience in full-stack development required.", 4  
"Must have 3 years of experience in JavaScript and Node.js.", 3  
"Applicants should have 2 years of experience in network management and monitoring.", 2  
"Applicants must have 5+ years of experience in UI/UX design.", 5  
"Looking for a Senior Software Engineer with 6+ years of experience in cloud computing.", 6  
"Applicants must have 3+ years of experience in data security and compliance.", 3  
"At least 5 years of experience required in cloud infrastructure support.", 5  
"Looking for candidates with 4+ years of experience in data analytics and insights.", 4  
"Must have 6 years of experience in enterprise system design.", 6  
"Applicants should have 3 years of experience in technical architecture.", 3  
"At least 5 years of experience in Java development required.", 5  
"Applicants must have 4+ years of experience in cloud platform engineering.", 4  
"Minimum 2 years of experience in RESTful API development required.", 2  
"Looking for a Senior Systems Engineer with 6+ years of experience in cloud technologies.", 6  
"Must have 5 years of experience in enterprise application architecture.", 5  
"Applicants should have 4+ years of experience in front-end development (Angular).", 4  
"At least 3 years of experience in Python required.", 3  
"Applicants must have 6 years of experience in database architecture and design.", 6  
"2+ years of experience in continuous integration and delivery required.", 2  
"Looking for a Data Engineer with 5+ years of experience in data pipelines.", 5  
"Must have 4 years of experience in business intelligence (BI) tools.", 4  
"Applicants should have 6+ years of experience in managing IT infrastructure.", 6  
"Applicants must have 3 years of experience in technical support for SaaS platforms.", 3  
"At least 5 years of experience in cloud migration and architecture required.", 5  
"Looking for candidates with 4+ years of experience in project management methodologies.", 4  
"Must have 6 years of experience in building enterprise-scale systems.", 6  
"Applicants should have 3 years of experience in customer-facing roles in IT.", 3  
"At least 5 years of experience in mobile app development required.", 5  
"Looking for a Senior DevOps Engineer with 4+ years of experience in CI/CD pipelines.", 4  
"Must have 6 years of experience in cloud-native application development.", 6  
"Applicants must have 2 years of experience in machine learning algorithms.", 2  
"Applicants should have 5+ years of experience in SaaS platform architecture.", 5  
"At least 3 years of experience in DevOps practices required.", 3  
"Looking for a Senior Software Developer with 4 years of experience in backend development.", 4  
"Must have 5 years of experience in enterprise data management.", 5  
"Applicants should have 2+ years of experience in cybersecurity and penetration testing.", 2  
"At least 6 years of experience in systems engineering required.", 6  
"Looking for a candidate with 4+ years of experience in data modeling and ETL.", 4  
"Must have 5+ years of experience in cloud-native application architecture.", 5  
"Applicants should have 3 years of experience in digital marketing analytics.", 3  
"At least 6 years of experience in software architecture required.", 6  
"Applicants must have 4+ years of experience in business process optimization.", 4  
"Looking for a Data Scientist with 5 years of experience in deep learning.", 5  
"Must have 3 years of experience in cloud automation.", 3  
"Applicants should have 6+ years of experience in infrastructure as code (IaC).", 6  
"At least 4 years of experience required in managing Kubernetes clusters.", 4  
"Applicants must have 5 years of experience in software testing and QA.", 5  
"Looking for candidates with 2+ years of experience in Azure cloud services.", 2  
"Must have 3 years of experience in CI/CD automation and tooling.", 3  
"Applicants must have 4+ years of experience in data science and analytics.", 4  
"At least 6 years of experience in enterprise software architecture required.", 6  
"Looking for candidates with 3+ years of experience in infrastructure management.", 3  
"Must have 5 years of experience in mobile application security.", 5  
"Applicants should have 2 years of experience in backend development.", 2  
"At least 6 years of experience in cloud automation tools required.", 6  
"Applicants must have 4 years of experience in data warehousing solutions.", 4  
"Looking for candidates with 5+ years of experience in technical project management.", 5  
"Must have 3 years of experience in software integration projects.", 3  
"Applicants should have 6 years of experience in cybersecurity and compliance.", 6  
"At least 4 years of experience in software release management required.", 4  
"Applicants must have 2+ years of experience in API development for SaaS platforms.", 2  
"Looking for a Senior Data Analyst with 5 years of experience in business intelligence tools.", 5  
"Must have 3+ years of experience in cloud orchestration and automation.", 3  
"Applicants should have 6 years of experience in system administration.", 6  
"At least 5 years of experience required in DevOps practices and tools.", 5  
"Applicants must have 4 years of experience in cloud-based security solutions.", 4  
"Looking for candidates with 2+ years of experience in React and front-end development.", 2  
"Must have 5+ years of experience in infrastructure design and deployment.", 5  
"Applicants should have 6 years of experience in database management and optimization.", 6  
"At least 3 years of experience in Docker and containerization required.", 3  
"Applicants must have 4+ years of experience in agile development methodologies.", 4  
"Looking for a candidate with 2 years of experience in backend development using Node.js.", 2  
"Must have 6 years of experience in cloud security architecture.", 6  
"Applicants should have 3 years of experience in managing distributed systems.", 3  
"At least 5 years of experience in JavaScript frameworks required.", 5  
"Applicants must have 4+ years of experience in cloud-native development.", 4  
"Looking for a Senior Developer with 2+ years of experience in mobile app development.", 2  
"Must have 5 years of experience in database development and optimization.", 5  
"Applicants should have 6 years of experience in network and infrastructure security.", 6  
"At least 4 years of experience in cloud platform design required.", 4  
"Applicants must have 3+ years of experience in cloud operations.", 3  
"Looking for candidates with 5 years of experience in machine learning implementation.", 5  
"Must have 6 years of experience in application security.", 6  
"Applicants should have 2+ years of experience in web development with Django.", 2  
"At least 4 years of experience in cloud storage solutions required.", 4  
"Looking for candidates with 3 years of experience in DevOps pipeline management.", 3  
"Must have 5 years of experience in building microservices architectures.", 5  
"Applicants should have 6+ years of experience in IT service management.", 6  
"At least 4 years of experience required in software project management.", 4  
"Applicants must have 3+ years of experience in system automation and tooling.", 3  
"Looking for candidates with 2+ years of experience in Python and Flask development.", 2  
"Must have 5+ years of experience in cloud-native application architecture.", 5  
"Applicants should have 6 years of experience in infrastructure monitoring and automation.", 6
"At least 3 years of experience in API development required.", 3  
"Applicants must have 4+ years of experience in software design and implementation.", 4  
"Looking for a candidate with 6 years of experience in cloud platform management.", 6  
"Must have 2+ years of experience in Python-based backend systems.", 2  
"Applicants should have 5+ years of experience in IT infrastructure management.", 5  
"At least 4 years of experience in server-side development required.", 4  
"Looking for a Senior Software Engineer with 3+ years of experience in Java and Spring.", 3  
"Must have 6 years of experience in full-stack application development.", 6  
"Applicants should have 2 years of experience in Agile project management.", 2  
"At least 5 years of experience in frontend technologies required.", 5  
"Applicants must have 4+ years of experience in cloud networking and security.", 4  
"Looking for a candidate with 3+ years of experience in data pipeline development.", 3  
"Must have 6 years of experience in cloud-native applications.", 6  
"Applicants should have 5+ years of experience in database administration.", 5  
"At least 3 years of experience required in cloud computing.", 3  
"Looking for a Software Developer with 4+ years of experience in JavaScript frameworks.", 4  
"Must have 2 years of experience in enterprise IT systems.", 2  
"Applicants should have 6 years of experience in cloud infrastructure architecture.", 6  
"At least 4 years of experience in managing AWS services required.", 4  
"Applicants must have 5+ years of experience in data modeling and ETL processes.", 5  
"Looking for a candidate with 2+ years of experience in backend development using Python.", 2  
"Must have 6 years of experience in cloud operations management.", 6  
"Applicants should have 4+ years of experience in machine learning and AI.", 4  
"At least 3 years of experience required in JavaScript development.", 3  
"Looking for a Data Scientist with 5 years of experience in big data analytics.", 5  
"Must have 2+ years of experience in cloud-based services and architecture.", 2  
"Applicants should have 6 years of experience in cloud security protocols.", 6  
"At least 4 years of experience in enterprise IT systems required.", 4  
"Applicants must have 5+ years of experience in application lifecycle management.", 5  
"Looking for candidates with 2+ years of experience in backend software development.", 2  
"Must have 6 years of experience in mobile application development.", 6  
"Applicants should have 5 years of experience in continuous integration and deployment.", 5  
"At least 3 years of experience required in AWS services.", 3  
"Looking for a Senior Engineer with 4+ years of experience in containerization.", 4  
"Must have 2+ years of experience in database management systems.", 2  
"Applicants should have 6+ years of experience in cloud-based infrastructure.", 6  
"At least 4 years of experience in backend development using Django required.", 4  
"Applicants must have 5 years of experience in cloud networking.", 5  
"Looking for a candidate with 3+ years of experience in data visualization.", 3  
"Must have 6 years of experience in software architecture and design.", 6  
"Applicants should have 2 years of experience in network security and encryption.", 2  
"At least 5 years of experience in DevOps practices required.", 5  
"Applicants must have 4+ years of experience in managing cloud-native environments.", 4  
"Looking for a Software Developer with 6+ years of experience in cloud security.", 6  
"Must have 3 years of experience in backend architecture and design.", 3  
"Applicants should have 5 years of experience in software quality assurance.", 5  
"At least 4 years of experience required in backend API development.", 4  
"Looking for candidates with 3+ years of experience in cloud-based data services.", 3  
"Must have 2 years of experience in IT infrastructure setup and configuration.", 2  
"Applicants must have 6+ years of experience in database technologies.", 6  
"At least 4 years of experience in IT operations management required.", 4  
"Applicants should have 5 years of experience in software security.", 5  
"Looking for candidates with 2+ years of experience in cloud computing solutions.", 2  
"Must have 6 years of experience in software product development.", 6  
"Applicants should have 4+ years of experience in mobile development (Android/iOS).", 4  
"At least 3 years of experience in managing cloud infrastructure required.", 3  
"Applicants must have 5+ years of experience in Kubernetes and container orchestration.", 5  
"Looking for candidates with 2 years of experience in web development frameworks.", 2  
"Must have 6 years of experience in cloud automation tools.", 6  
"Applicants should have 5 years of experience in building scalable applications.", 5  
"At least 4 years of experience required in backend services development.", 4  
"Applicants must have 3+ years of experience in cloud-based data analytics.", 3  
"Looking for a candidate with 2+ years of experience in API testing and automation.", 2  
"Must have 6 years of experience in enterprise cloud architecture.", 6  
"Applicants should have 5 years of experience in software development practices.", 5  
"At least 4 years of experience in cloud-native software architecture required.", 4  
"Applicants must have 3+ years of experience in IT support and maintenance.", 3  
"Looking for a candidate with 2 years of experience in JavaScript frameworks (Angular).", 2  
"Must have 6+ years of experience in cloud architecture design.", 6  
"Applicants should have 5 years of experience in DevOps engineering.", 5  
"At least 3 years of experience required in Python-based applications.", 3  
"Applicants must have 4+ years of experience in containerization and microservices.", 4  
"Looking for candidates with 2+ years of experience in cloud infrastructure management.", 2  
"Must have 6 years of experience in software development lifecycle.", 6  
"Applicants should have 5+ years of experience in mobile app security.", 5  
"At least 3 years of experience in IT security management required.", 3  
"Looking for a Senior Developer with 4 years of experience in cloud computing.", 4  
"Must have 6 years of experience in big data analytics.", 6  
"Applicants should have 2+ years of experience in front-end development using React.", 2  
"At least 5 years of experience in cloud architecture design required.", 5  
"Applicants must have 4 years of experience in cloud platform services.", 4  
"Looking for candidates with 3+ years of experience in cloud security.", 3  
"Must have 6+ years of experience in IT infrastructure design.", 6  
"Applicants should have 4 years of experience in cloud software development.", 4  
"At least 5 years of experience in cloud-based services required.", 5  
"Applicants must have 3+ years of experience in managing software projects.", 3  
"Looking for a candidate with 2+ years of experience in Python and Django.", 2  
"Must have 6 years of experience in software project management.", 6  
"Applicants should have 5+ years of experience in cloud security operations.", 5  
"At least 4 years of experience in IT infrastructure required.", 4  
"Applicants must have 2+ years of experience in backend API design.", 2  
"Looking for candidates with 6+ years of experience in IT support.", 6  
"Must have 5 years of experience in mobile app development.", 5  
"Applicants should have 4 years of experience in cloud computing and networking.", 4  
"At least 3 years of experience required in machine learning algorithms.", 3  
"Applicants must have 6+ years of experience in cloud application security.", 6  
"Looking for a candidate with 5 years of experience in IT security practices.", 5  
"Must have 3+ years of experience in backend system architecture.", 3  
"Applicants should have 6 years of experience in cloud platform operations.", 6  
"At least 4 years of experience required in software architecture and design.", 4  
"Looking for a candidate with 5+ years of experience in front-end frameworks.", 5
"Join our company, celebrating 10 years of excellence in the tech industry.", 0
"Our organization has been leading innovation for 25 years.", 0
"We have proudly served over 20,000 clients in the last 15 years.", 0
"Founded 50 years ago, our company continues to push boundaries.", 0
"Celebrating our 30th anniversary, we are leaders in the finance sector.", 0
"Our software is trusted by over 2 million users worldwide.", 0
"Our company has been a household name for over 40 years.", 0
"Over 5,000 businesses use our platform daily.", 0
"We have 20 offices globally and over 100,000 customers.", 0
"Our company has achieved over 25 years of continuous growth.", 0
"With over 10,000 employees, we are a global leader in IT services.", 0
"More than 100 projects completed in the past 5 years.", 0
"We have spent over 20 years in research and development.", 0
"Over 50 countries rely on our solutions every day.", 0
"With 15 years of customer satisfaction, we aim to grow further.", 0
"Our organization has received over 30 awards in the last decade.", 0
"Our customer base has grown by 500% over the last 10 years.", 0
"We have 10 regional offices across 5 continents.", 0
"Join a team with over 25 years of experience in the retail industry.", 0
"Our product line has been in the market for over 35 years.", 0
"We’ve helped over 100 startups succeed in the last 5 years.", 0
"Our company has been operational for more than 60 years.", 0
"We have 20 years of successful projects in the construction industry.", 0
"Our organization has served over 100,000 clients in the last 20 years.", 0
"With over 500 stores nationwide, we are the largest retailer.", 0
"Celebrating 15 years of outstanding customer service.", 0
"Our company has provided IT solutions for 25 years.", 0
"Founded 40 years ago, we continue to expand our reach.", 0
"Our customer satisfaction rate has remained over 95% for the last 10 years.", 0
"We have 50 international branches and a workforce of over 10,000.", 0
"Join a company that has been in business for 75 years.", 0
"Our products have been used by over 5 million customers.", 0
"We have been recognized as a leader in our field for 30 years.", 0
"Our services are used by over 1,000 businesses worldwide.", 0
"With 20 years of industry-leading innovations, we are expanding further.", 0
"Our company has completed over 1,000 projects in the past 10 years.", 0
"We have over 20 years of experience in the hospitality sector.", 0
"Our brand has been trusted by customers for over 60 years.", 0
"We’ve opened 100 new stores in the last 5 years.", 0
"Our client base has grown by 400% in the last 10 years.", 0
"More than 2,000 businesses rely on our platform for daily operations.", 0
"We have invested over $100 million in research over the past decade.", 0
"Our company has received more than 50 industry awards in the last 15 years.", 0
"With over 20,000 employees, we are a global leader in our sector.", 0
"Celebrating our 100th year of continuous operations.", 0
"Our organization has been growing for over 90 years.", 0
"Our services have been recognized globally for over 25 years.", 0
"We have completed over 2,500 successful projects in the last 20 years.", 0
"Our company has been trusted for 35 years in the healthcare industry.", 0
"We have built over 500 schools and hospitals in the last decade.", 0
"Our platform has seen a 200% increase in users over the last 2 years.", 0
"We have been the leader in software solutions for over 45 years.", 0
"More than 10,000 customers have used our platform in the last 10 years.", 0
"Our company has been around for over 80 years, serving millions globally.", 0
"Celebrating 50 years of cutting-edge research and innovation.", 0
"We have over 1,000 patents filed in the last 5 years.", 0
"Our products have been sold in over 75 countries worldwide.", 0
"We’ve provided financial services to over 3 million customers.", 0
"Our brand has been a trusted name for over 55 years.", 0
"With over 1 billion downloads, our app is a global sensation.", 0
"Our software has been adopted by over 500,000 businesses.", 0
"We’ve won 10 industry awards in the past 3 years.", 0
"Our services have been trusted by over 50 million users.", 0
"Our company has been leading the industry for over 20 years.", 0
"More than 100,000 customers rely on our solutions every day.", 0
"With 60 years of excellence, we continue to innovate.", 0
"Our products are used by 30 million users worldwide.", 0
"Our company has completed over 5,000 projects globally.", 0
"Celebrating 25 years of customer success stories.", 0
"Our services are trusted in over 40 countries worldwide.", 0
"We have been growing our presence for over 85 years.", 0
"Our solutions have been adopted by over 1,000 enterprises.", 0
"With 200 retail stores, we are the top retailer in our sector.", 0
"Our company has provided solutions for 50 years and counting.", 0
"Over 50 years of service excellence in the engineering industry.", 0
"We’ve developed over 200 software products in the last decade.", 0
"Our organization has served more than 1 million clients.", 0
"Join us as we celebrate our 40th year of continuous success.", 0
"With over 10,000 employees globally, we are an industry leader.", 0
"Our products have been recognized with over 100 awards.", 0
"Join our company as we celebrate our 25th anniversary.", 0
"Our company has been the preferred partner for over 30 years.", 0
"With over 2,000 partners, we continue to expand our network.", 0
"Our organization has maintained a 98% customer satisfaction rate for 5 years.", 0
"We’ve completed more than 500 projects in the last 20 years.", 0
"Our software is trusted by 10 million users globally.", 0
"Our customer base has doubled in the last 2 years.", 0
"With over 40 years of experience in our sector, we are growing further.", 0
"Our company has been providing IT services for 35 years.", 0
"Our platform has been trusted by 100,000 businesses.", 0
"We have been growing our market share for over 5 decades.", 0
"Our products have been used by 5 million users worldwide.", 0
"We’ve been a market leader for over 60 years.", 0
"Join us as we celebrate 20 years of groundbreaking innovation.", 0
"Over 30 years of success in the manufacturing sector.", 0
"Our company has been the leader in cloud services for 15 years.", 0
"With over 75 years of excellence, we are still growing.", 0
